sid,lastname,firstname,gender,dob,religion,phone,blood_group,stage,address,disability
1001,Doe,John,Male,5/10/2012,Christian,8012345678,O+,Primary 1,123 Main St,None
1002,Doe,John,Male,5/11/2012,Christian,8012345679,O+,Primary 2,124 Main St,None
1003,Doe,John,Male,5/12/2012,Christian,8012345680,O+,Primary 3,125 Main St,None
1004,Doe,John,Male,5/13/2012,Christian,8012345681,O+,Primary 4,126 Main St,None
1005,Doe,John,Male,5/14/2012,Christian,8012345682,O+,Primary 5,127 Main St,None
1006,Doe,John,Male,5/15/2012,Christian,8012345683,O+,Primary 6,128 Main St,None
1007,Doe,John,Male,5/16/2012,Christian,8012345684,O+,Primary 7,129 Main St,None
1008,Doe,John,Male,5/17/2012,Christian,8012345685,O+,Primary 8,130 Main St,None
1009,Doe,John,Male,5/18/2012,Christian,8012345686,O+,Primary 9,131 Main St,None
1010,Doe,John,Male,5/19/2012,Christian,8012345687,O+,Primary 10,132 Main St,None
1011,Doe,John,Male,5/20/2012,Christian,8012345688,O+,Primary 11,133 Main St,None
1012,Doe,John,Male,5/21/2012,Christian,8012345689,O+,Primary 12,134 Main St,None
1013,Doe,John,Male,5/22/2012,Christian,8012345690,O+,Primary 13,135 Main St,None
1014,Doe,John,Male,5/23/2012,Christian,8012345691,O+,Primary 14,136 Main St,None
1015,Doe,John,Male,5/24/2012,Christian,8012345692,O+,Primary 15,137 Main St,None
1016,Doe,John,Male,5/25/2012,Christian,8012345693,O+,Primary 16,138 Main St,None
1017,Doe,John,Male,5/26/2012,Christian,8012345694,O+,Primary 17,139 Main St,None
1018,Doe,John,Male,5/27/2012,Christian,8012345695,O+,Primary 18,140 Main St,None
1019,Doe,John,Male,5/28/2012,Christian,8012345696,O+,Primary 19,141 Main St,None
1020,Doe,John,Male,5/29/2012,Christian,8012345697,O+,Primary 20,142 Main St,None
1021,Doe,John,Male,5/30/2012,Christian,8012345698,O+,Primary 21,143 Main St,None
1022,Doe,John,Male,5/31/2012,Christian,8012345699,O+,Primary 22,144 Main St,None
1023,Doe,John,Male,6/1/2012,Christian,8012345700,O+,Primary 23,145 Main St,None
1024,Doe,John,Male,6/2/2012,Christian,8012345701,O+,Primary 24,146 Main St,None
1025,Doe,John,Male,6/3/2012,Christian,8012345702,O+,Primary 25,147 Main St,None
1026,Doe,John,Male,6/4/2012,Christian,8012345703,O+,Primary 26,148 Main St,None
1027,Doe,John,Male,6/5/2012,Christian,8012345704,O+,Primary 27,149 Main St,None
1028,Doe,John,Male,6/6/2012,Christian,8012345705,O+,Primary 28,150 Main St,None
1029,Doe,John,Male,6/7/2012,Christian,8012345706,O+,Primary 29,151 Main St,None
1030,Doe,John,Male,6/8/2012,Christian,8012345707,O+,Primary 30,152 Main St,None
